{"20230804_122833-Aug_04_2023_12_28_34.305789_5_549120_1008": {"front_facing": 0.946817934513092, "side_facing": 0.05318204686045647}, "20230804_122833-Aug_04_2023_12_28_34.305789_5_549120_1052": {"front_facing": 0.9543964862823486, "side_facing": 0.045603543519973755}, "20230804_122833-Aug_04_2023_12_28_34.305789_5_549120_1060": {"front_facing": 0.9498940110206604, "side_facing": 0.05010600760579109}, "20230804_122833-Aug_04_2023_12_28_34.305789_5_549120_997": {"front_facing": 0.9481341242790222, "side_facing": 0.05186592414975166}, "20230804_122833-Aug_04_2023_12_28_34.305789_5_549120_998": {"front_facing": 0.9454671144485474, "side_facing": 0.05453290790319443}, "20230804_161243-Aug_04_2023_16_12_44.316954_5_549120_21": {"front_facing": 0.769547164440155, "side_facing": 0.23045285046100616}, "20230804_161243-Aug_04_2023_16_12_44.316954_5_549120_6": {"front_facing": 0.8120127320289612, "side_facing": 0.1879872828722}, "20230804_161243-Aug_04_2023_16_12_44.316954_5_549120_7": {"front_facing": 0.9096628427505493, "side_facing": 0.09033709019422531}, "20230804_161243-Aug_04_2023_16_12_44.316954_5_549120_8": {"front_facing": 0.8697872161865234, "side_facing": 0.13021278381347656}, "20230804_161243-Aug_04_2023_16_12_44.316954_5_549120_9": {"front_facing": 0.9069357514381409, "side_facing": 0.09306419640779495}}