{"20230805_002157-Aug_05_2023_00_21_58.394313_5_549120_54": {"front_facing": 0.94292151927948, "side_facing": 0.05707842484116554}, "20230805_002157-Aug_05_2023_00_21_58.394313_5_549120_59": {"front_facing": 0.9424607753753662, "side_facing": 0.05753916874527931}, "20230805_002157-Aug_05_2023_00_21_58.394313_5_549120_61": {"front_facing": 0.939329206943512, "side_facing": 0.060670819133520126}, "20230805_002157-Aug_05_2023_00_21_58.394313_5_549120_62": {"front_facing": 0.9325944781303406, "side_facing": 0.06740550696849823}, "20230805_002157-Aug_05_2023_00_21_58.394313_5_549120_63": {"front_facing": 0.9329496026039124, "side_facing": 0.06705044209957123}, "20230805_004144-Aug_05_2023_00_41_45.273118_5_549120_42": {"front_facing": 0.9430907964706421, "side_facing": 0.05690915510058403}, "20230805_004144-Aug_05_2023_00_41_45.273118_5_549120_43": {"front_facing": 0.9316494464874268, "side_facing": 0.06835057586431503}, "20230805_004144-Aug_05_2023_00_41_45.273118_5_549120_44": {"front_facing": 0.9462370276451111, "side_facing": 0.053763002157211304}, "20230805_004144-Aug_05_2023_00_41_45.273118_5_549120_48": {"front_facing": 0.9465410113334656, "side_facing": 0.053458940237760544}, "20230805_004144-Aug_05_2023_00_41_45.273118_5_549120_49": {"front_facing": 0.9448878765106201, "side_facing": 0.05511206015944481}}