{"20230805_002157-Aug_05_2023_00_21_58.394313_5_549120_20": {"bbox_coordinates": [477, 112, 705, 392], "confidence_score": 0.7645853757858276, "category": "cat"}, "20230805_002157-Aug_05_2023_00_21_58.394313_5_549120_53": {"bbox_coordinates": [419, 71, 689, 350], "confidence_score": 0.7849382162094116, "category": "cat"}, "20230805_002157-Aug_05_2023_00_21_58.394313_5_549120_54": {"bbox_coordinates": [397, 64, 683, 358], "confidence_score": 0.8305912613868713, "category": "cat"}, "20230805_002157-Aug_05_2023_00_21_58.394313_5_549120_55": {"bbox_coordinates": [383, 63, 672, 356], "confidence_score": 0.8032204508781433, "category": "cat"}, "20230805_002157-Aug_05_2023_00_21_58.394313_5_549120_56": {"bbox_coordinates": [364, 56, 660, 360], "confidence_score": 0.8210044503211975, "category": "cat"}, "20230805_002157-Aug_05_2023_00_21_58.394313_5_549120_57": {"bbox_coordinates": [354, 52, 650, 349], "confidence_score": 0.7809321284294128, "category": "cat"}, "20230805_002157-Aug_05_2023_00_21_58.394313_5_549120_58": {"bbox_coordinates": [340, 46, 643, 341], "confidence_score": 0.7902894616127014, "category": "cat"}, "20230805_002157-Aug_05_2023_00_21_58.394313_5_549120_59": {"bbox_coordinates": [323, 35, 628, 333], "confidence_score": 0.8411892056465149, "category": "cat"}, "20230805_002157-Aug_05_2023_00_21_58.394313_5_549120_60": {"bbox_coordinates": [323, 31, 614, 314], "confidence_score": 0.8067340850830078, "category": "cat"}, "20230805_002157-Aug_05_2023_00_21_58.394313_5_549120_61": {"bbox_coordinates": [316, 36, 602, 298], "confidence_score": 0.8456385731697083, "category": "cat"}, "20230805_002157-Aug_05_2023_00_21_58.394313_5_549120_62": {"bbox_coordinates": [299, 36, 581, 296], "confidence_score": 0.8515165448188782, "category": "cat"}, "20230805_002157-Aug_05_2023_00_21_58.394313_5_549120_63": {"bbox_coordinates": [303, 35, 551, 294], "confidence_score": 0.8630967140197754, "category": "cat"}, "20230805_004144-Aug_05_2023_00_41_45.273118_5_549120_39": {"bbox_coordinates": [474, 0, 720, 435], "confidence_score": 0.7585105895996094, "category": "cat"}, "20230805_004144-Aug_05_2023_00_41_45.273118_5_549120_40": {"bbox_coordinates": [451, 1, 720, 444], "confidence_score": 0.8123626708984375, "category": "cat"}, "20230805_004144-Aug_05_2023_00_41_45.273118_5_549120_41": {"bbox_coordinates": [433, 7, 720, 451], "confidence_score": 0.8459277153015137, "category": "cat"}, "20230805_004144-Aug_05_2023_00_41_45.273118_5_549120_42": {"bbox_coordinates": [431, 21, 720, 442], "confidence_score": 0.8573467135429382, "category": "cat"}, "20230805_004144-Aug_05_2023_00_41_45.273118_5_549120_43": {"bbox_coordinates": [428, 36, 720, 429], "confidence_score": 0.870132327079773, "category": "cat"}, "20230805_004144-Aug_05_2023_00_41_45.273118_5_549120_44": {"bbox_coordinates": [415, 39, 720, 422], "confidence_score": 0.8606341481208801, "category": "cat"}, "20230805_004144-Aug_05_2023_00_41_45.273118_5_549120_45": {"bbox_coordinates": [405, 38, 720, 417], "confidence_score": 0.8551514148712158, "category": "cat"}, "20230805_004144-Aug_05_2023_00_41_45.273118_5_549120_46": {"bbox_coordinates": [404, 37, 720, 409], "confidence_score": 0.8435054421424866, "category": "cat"}, "20230805_004144-Aug_05_2023_00_41_45.273118_5_549120_47": {"bbox_coordinates": [398, 35, 720, 399], "confidence_score": 0.8468840718269348, "category": "cat"}, "20230805_004144-Aug_05_2023_00_41_45.273118_5_549120_48": {"bbox_coordinates": [385, 31, 720, 394], "confidence_score": 0.8610779047012329, "category": "cat"}, "20230805_004144-Aug_05_2023_00_41_45.273118_5_549120_49": {"bbox_coordinates": [382, 31, 720, 383], "confidence_score": 0.8777002692222595, "category": "cat"}, "20230805_004144-Aug_05_2023_00_41_45.273118_5_549120_50": {"bbox_coordinates": [381, 30, 720, 371], "confidence_score": 0.8562808036804199, "category": "cat"}, "20230805_004144-Aug_05_2023_00_41_45.273118_5_549120_51": {"bbox_coordinates": [375, 21, 718, 361], "confidence_score": 0.8389531373977661, "category": "cat"}, "20230805_004144-Aug_05_2023_00_41_45.273118_5_549120_52": {"bbox_coordinates": [378, 13, 714, 351], "confidence_score": 0.7889983654022217, "category": "cat"}}