{"20230207_110803-Feb_07_2023_11_08_04.000960_5_549400 Ryan_12751": {"front_facing": 0.9394300580024719, "side_facing": 0.06056995689868927}, "20230207_110803-Feb_07_2023_11_08_04.000960_5_549400 Ryan_12794": {"front_facing": 0.943682074546814, "side_facing": 0.05631788820028305}, "20230207_110803-Feb_07_2023_11_08_04.000960_5_549400 Ryan_3350": {"front_facing": 0.9390853643417358, "side_facing": 0.060914624482393265}, "20230207_110803-Feb_07_2023_11_08_04.000960_5_549400 Ryan_4226": {"side_facing": 0.8484994173049927, "front_facing": 0.15150055289268494}, "20230207_110803-Feb_07_2023_11_08_04.000960_5_549400 Ryan_9515": {"front_facing": 0.9338425993919373, "side_facing": 0.06615743041038513}, "20230403_102232-Apr_03_2023_10_22_32.659081_5_549400 Ryan_13889": {"side_facing": 0.9000549912452698, "front_facing": 0.09994501620531082}, "20230403_102232-Apr_03_2023_10_22_32.659081_5_549400 Ryan_16613": {"side_facing": 0.9292599558830261, "front_facing": 0.07074002921581268}, "20230403_102232-Apr_03_2023_10_22_32.659081_5_549400 Ryan_5133": {"side_facing": 0.9385466575622559, "front_facing": 0.061453379690647125}}