{"20230321_110441-Mar_21_2023_11_04_41.840422_5_549400 Oak_10203": {"side_facing": 0.9440375566482544, "front_facing": 0.055962517857551575}, "20230321_110441-Mar_21_2023_11_04_41.840422_5_549400 Oak_11014": {"side_facing": 0.9265217781066895, "front_facing": 0.07347824424505234}, "20230321_110441-Mar_21_2023_11_04_41.840422_5_549400 Oak_5745": {"front_facing": 0.8345588445663452, "side_facing": 0.16544121503829956}, "20230321_121733-Mar_21_2023_12_17_34.318473_5_549400 Oak_1548": {"side_facing": 0.9306207299232483, "front_facing": 0.06937925517559052}, "20230321_121733-Mar_21_2023_12_17_34.318473_5_549400 Oak_408": {"front_facing": 0.9361069798469543, "side_facing": 0.06389301270246506}, "20230321_121733-Mar_21_2023_12_17_34.318473_5_549400 Oak_463": {"front_facing": 0.9341188669204712, "side_facing": 0.0658811554312706}, "20230321_125933-Mar_21_2023_12_59_33.872034_5_549400 Oak Oak_4181": {"front_facing": 0.9386070370674133, "side_facing": 0.06139291077852249}, "20230321_125933-Mar_21_2023_12_59_33.872034_5_549400 Oak Oak_4194": {"front_facing": 0.93594890832901, "side_facing": 0.06405104696750641}}