{"20230605_132517-Jun_05_2023_13_25_22.229257_5_549400 Azure_362": {"front_facing": 0.946317732334137, "side_facing": 0.05368230864405632}, "20230605_132517-Jun_05_2023_13_25_22.229257_5_549400 Azure_365": {"front_facing": 0.9465917348861694, "side_facing": 0.05340830981731415}, "20230608_113327-Jun_08_2023_11_33_28.012628_5_549120 Azure_1771": {"side_facing": 0.9705811738967896, "front_facing": 0.0294188279658556}, "20230608_113327-Jun_08_2023_11_33_28.012628_5_549120 Azure_1808": {"front_facing": 0.9372443556785583, "side_facing": 0.06275565922260284}, "20230608_113327-Jun_08_2023_11_33_28.012628_5_549120 Azure_1829": {"front_facing": 0.9678295850753784, "side_facing": 0.0321703664958477}, "20230608_113327-Jun_08_2023_11_33_28.012628_5_549120 Azure_3480": {"side_facing": 0.9584764838218689, "front_facing": 0.04152350872755051}, "20230608_113327-Jun_08_2023_11_33_28.012628_5_549120 Azure_824": {"side_facing": 0.9601767063140869, "front_facing": 0.039823275059461594}, "20230608_113327-Jun_08_2023_11_33_28.012628_5_549120 Azure_926": {"side_facing": 0.5609473586082458, "front_facing": 0.43905267119407654}}